Name,Review,Module Code,Semester,Title,Grade,BBA / BZA,Module Credit,Description
BSP3701A,"Did with a chill group and with the help of AI for the group project to propose a product/service. Project was basically a start-up/business venture pitch for a business and final exam was quite simple including basic econometrics, and other internal/external “strategic” moves taught in the course.",BSP,Y4S2,Strategic Management,A-,BBA,4,"This is the integrative capstone course for undergraduate business students. It focuses on the roles, issues and dilemmas facing top managers. It examines the concept of strategy and the different aspects of managing strategically. There are three main learning objectives: Firstly, for students to understand the roots of success and failure in firms, as relating both for firm characteristics and to their micro and macro environments. Secondly, for students to appreciate some of the pressing issues facing corporations in fast-paced environments. Thirdly, through the case method, students have an opportunity, in a simulated managerial role, to apply holistically what has been learnt in the functional business disciplines to complex business problems. Major topics include industry analysis, strategy formulation at the corporate, business and functional levels, firm diversification, strategic alliances, corporate governance, firm resources, core competencies, and the role of structure, culture, rewards, and control in strategy implementation. This course is targeted at all the final year business students."
BT4221,,BT,Y4S2,Advanced Analytics with Big Data Technologies,B+,BZA,4,"This course introduces students to key concepts in Big Data technologies, covering both foundational and emerging tools and practices. It explores the characteristics and challenges of handling large datasets in different environments. Students will develop practical skills in building and automating data pipelines, managing various forms of data processing, and applying advanced analytical techniques to derive business insights across diverse contexts. The course covers essential topics such as data storage, distributed processing and data streaming. By the end of the course, students will be equipped to apply advanced analytics using Big Data technologies to design and implement effective solutions."
CS2106,"Learnt Basic Concurrency with Mutexes and Atomic moves (which I already knew beforehand due to Rust) and basic operating systems stuff like file systems and stack/heap, ….",CS,Y4S2,Introduction to Operating Systems,A-,BZA,4,"This course introduces the basic concepts in operating systems and links it with contemporary operating systems (eg. Unix/Linux and Windows). It focuses on OS structuring and architecture, processes, memory management, concurrency and file systems. Topics include kernel architecture, system calls, interrupts, models of processes, process abstraction and services, scheduling, review of physical memory and memory management hardware, kernel memory management, virtual memory and paging, caches, working set, deadlock, mutual exclusion, synchronisation mechanisms, data and metadata in file systems, directories and structure, file system abstraction and operations, OS protection mechanisms, and user authentication."
CS3210,"Learnt Parallel Programming via Trial by Fire. Questionable methods of “Trial by Fire” projects - 3 throughout the semester - that I did without a partner as I didn’t really care too much about the grade during my last semester. Paid for it with the only naked B I got throughout my whole course of study. But, content including GPU Programming and Programming across computer nodes was interesting and definitely reframed my perspective on the various forms of parallel programming available.",CS,Y4S2,Parallel Computing,B,BZA,4,"The aim of this course is to provide an introduction to the field of parallel computing with hands-on parallel programming experience on real parallel machines. The course is divided into four parts: parallel computation models and parallelism, parallel architectures, parallel algorithm design and programming, and new parallel computing models. Topics includes: theory of parallelism and models; shared-memory architectures; distributed-memory architectures; data parallel architectures; interconnection networks, topologies and basic of communication operations; principles of parallel algorithm design; performance and scalability of parallel programs, overview of new parallel computing models such as grid, cloud, GPGPU."
FIN3712,"Taught a little more content than I expected, given I already read up beforehand on Options and Futures and their pricing. Additional content taught on top of that were things like repo rate, futures on options (and options on futures?) and everything in between. Can be a little interesting if one bothers to listen; however, given it was my last semester and only a fraction of the content was new to me, I didn’t really try too hard, as is evident with an A- instead of an A.",FIN,Y4S2,Options and Futures,A-,BBA,4,"This course is an introduction to basic financial derivatives with an emphasis on forward, futures, and option contracts. Topics to be covered include the structure of forward, futures and options markets, the pricing of futures and options contracts, and the applications of futures and options in hedging and speculation. The approach will cover both the theoretical and applied issues in financial derivatives. Key concepts and theories will be illustrated by examples of derivatives usages in practice and the implementation of hedging strategies."
FIN3716,"Financial Modelling module, but didn’t learn too much as Professor focused a lot on VBA and excel worksheets. With final exams that are done completely with VBA Macros, one would start to wonder what one needs to learn the content for if he can answer the questions mindlessly just by understanding what the VBA Macro does at a surface level. If you already know how to code, this module should be a breeze.",FIN,Y4S2,Financial Modelling,A,BBA,4,"The objective of this course is to provide students with an understanding of the theories and methodologies of financial modelling. It trains students to apply finance theories to solve various problems in financial management, investments, portfolio management, and risk management. This objective is achieved by teaching students how to design and implement financial models in the computer, with Excel as the main tool. It covers four classes of models: Corporate Finance models, Portfolio Models, Option-Pricing Models and Bond Models. It also covers simulation, some numerical methods, and VBA programming as well."
MNO2705D,"Interesting Professor (taught this module for the first time this semester) who constantly reassured the class not to be too caught up with grades. Well, I scored around a 91/100 for the Final Exam, a pretty average/bad group project score (not very sure about this) and what I would assume is a bad participation score and got a B+. Do with that what you will, the course only seemed averagely interesting because the professor had interesting connections/network rather than the course content itself actually being interesting.",MNO,Y4S2,Leadership and Decision Making under Uncertainty,B+,BZA,4,"The decisions you make every day will shape your life. In the workplace, the decisions you make will impact outcomes for you, your team, and cumulatively affect the trajectory ofyour career. This course will help you navigate the pathways of decision making in organisations. We will adopt an evidence-based approach, tapping several streams of research– including social psychology, behavioural economics, and management – to identify key anchors for effective decision making. These conceptual tools will empower you to makegood decisions in an uncertain world, to influence, and to lead. This course addresses the foundations for decision making in modern organisations, where the requirements of speed, global reach, complexity and change that our organisations face also create conditions for unsafe and unethical business practices to persist. Reports of insider trading, graft and cronyism, unsafe products, unfair employment practices and environmental waste are commonplace in the media. Thus, our concern is with anchors for morally decent or ethical decision making."
BT4222,"Professor loves AIAIAIAIAAIAIAIAIAI. Never went for a single lecture because going for 2 lectures for tasting left me with the very heavy opinion that the lecturer proceeds at a snail’s pace. Content isn’t much, because every other BT module already covers some form of LSTM, Deep Learning, Gradient Boosting, Random Forest, whatever… . Only interesting content was probably AWS related Snowflake stuff, Data Lakes. PySpark was there but Professor spent way too long on it. There was also AI incorporated, but felt very surface-level with non-inspiring examples. Anyway, had a much more fun and interesting time with the other CS modules this semester so didn’t have as much energy to spend here (so take my review with a BIG pinch of salt). Also, thx to my group mates.",BT,Y4S1,Mining Web Data for Business Insights,B+,BZA,4,"The World Wide Web inundates us with vast amounts of interconnected, dynamic hypertext information, influencing communication and business operations profoundly. This course teaches concepts, methods, and analytics skills to derive insights from unstructured web data across a broad range of business domains, e.g., e-commerce, social media, finance, healthcare, and entertainment. Methods include data extraction via Application Programming Interfaces (APIs), natural language processing, text feature engineering, supervised machine learning, unsupervised machine learning and large language models (LLMs). Students will be equipped with skills to extract patterns from unstructured data, and analyse online transaction data, user behaviour data, and user-generated content."
CS1231,"Interesting introduction to Discrete Mathematics - felt as though I was learning a new language (I guess the language of mathematics and proofs). Was interesting but as many other state, more of learning a new language than it is new content? - proofs were proofs one would have been able to think of in layman terms for the most part as well.",CS,Y4S1,Discrete Structures,A-,BZA,4,"This course introduces mathematical tools required in the study of computer science. Topics include: (1) Logic and proof techniques: propositions, conditionals, quantifications. (2) Relations and Functions: Equivalence relations and partitions. Partially ordered sets. Well-Ordering Principle. Function equality. Boolean/identity/inverse functions. Bijection. (3) Mathematical formulation of data models (linear model, trees, graphs). (4) Counting and Combinatoric: Pigeonhole Principle. Inclusion-Exclusion Principle. Number of relations on a set, number of injections from one finite set to another, Diagonalisation proof: An infinite countable set has an uncountable power set; Algorithmic proof: An infinite set has a countably infinite subset. Subsets of countable sets are countable."
CS2100,"Very interesting introduction to Computer Architecture - how Assembly is compiled to Binary and how that Binary is literally translated to electronic logic gates to fire electrons in patterns that run full programs and logic. Vastly interesting to see how all that code works under the hood, but also a boatload of content all jammed in at once, coupled with good old pipelining of the stages of the ID, EX, MEM, WB stages to speed everything up (and make life a living hell). Also, could never produce the correct answer for truth tables LOL.",CS,Y4S1,Computer Organisation,A-,BZA,4,"The objective of this course is to familiarise students with the fundamentals of computing devices. Through this course students will understand the basics of data representation, and how the various parts of a computer work, separately and with each other. This allows students to understand the issues in computing devices, and how these issues affect the implementation of solutions. Topics covered include data representation systems, combinational and sequential circuit design techniques, assembly language, processor execution cycles, pipelining, memory hierarchy and input/output systems."
CS2105,"Basic Introduction to Computer Networks but with a very bad Professor in my opinion. Content is all over the place - starts from Application layer, going down to network layer but because all the layers are linked, on the way down, we reference back things we learned initially. Either direction would result in something similar. However, Professor has a way of simply dumping information in the slides in a non-connected way and probably assume students should piece things together themselves. When a topic is highly interlinked like in this case, this is to the detriment of most students. Other than that, would also say Professor’s way of questions is very bad - i.e. he asks questions sometimes not even from the slides, or from a very obscure section that somehow links back to that topic (without providing the pre-requisite links as stated earlier), so students come out kinda knowing basic computer networks, but would probably have to sit with the knowledge for a while longer and think about content deeply before becoming fully familiar with the content practically.",CS,Y4S1,Introduction to Computer Networks,B+,BZA,4,"This course aims to provide a broad introduction to computer networks and network application programming. It covers the main concepts, the fundamental principles, and the high-level workings of important protocols in each of the Internet protocol layer. Topics include the Web and Web applications, DNS services, socket programming, reliable protocols, transport and network layer protocols, secure communication, LAN, and data communication. Practical assignments and handson exercises expose students to network application programming and various networking tools and utilities."
CS3244,"Most important thing was first half of the semester learning from the basics how Gradient Boosting, Random Forest, Linear Regression, Linear SVM, … worked and with just math as well - what are the goals of each algorithm, the gradient functions, the tradeoff between bias and variance and how each tackle them. Second half of the course taught ethics and more fluff content that was more or less unnecessary.",CS,Y4S1,Machine Learning,A,BZA,4,"This course introduces basic concepts and algorithms in machine learning and neural networks. The main reason for studying computational learning is to make better use of powerful computers to learn knowledge (or regularities) from the raw data. The ultimate objective is to build self-learning systems to relieve human from some of already-too-many programming tasks. At the end of the course, students are expected to be familiar with the theories and paradigms of computational learning, and capable of implementing basic learning systems."
UTC3700A,,UTC,Y4S1,Residential College 4 Senior Projects - Part I,CS,Both,2,"This project-based course at Residential College 4 (RC4) allows senior students to transfer and extend their interdisciplinary skills acquired from their University Town College Program (UTCP) experience. Focused on tackling real-world challenges, it enhances personal and professional growth. Under close supervision of college fellows, students collaborate on projects requiring innovative, critical, and/or creative problem-solving. Each semester, the course culminates in a showcase to the broader community, demonstrating the impact of their work and their readiness for a complex global environment. In this first child course of UTC3700, senior students will initiate new projects or extend previous ones as their first project."
FIN3703B,,FIN,Y3S2,Financial Markets,B+,BBA,4,"This course seeks to provide an understanding of the role of financial markets in the economy. Topics to be covered include the importance of the structure (architecture) of the financial system, the functions of markets and institutions, and their implications for resource mobilisation, resource allocation, allocative efficiency, and risk management. In addition, we consider the structure of financial markets for different instruments, the range of instruments traded therein, and the mechanisms facilitating trade in financial assets, and an assessment of the structure and efficiency of these markets in Singapore vis-à-vis similar markets in other industrialised economies. To assess issues of efficiency and market structure, the course will include frequent references to markets in other economies, including the US, Australia, the UK, Hong Kong as well as other emerging market economics."
FIN3701B,,FIN,Y3S2,Corporate Finance,A+,BBA,4,"This course provides students with an in-depth understanding of the key financial issues faced by modern-day financial managers of corporations. It will equip students with conceptual and analytical skills necessary to make sound financial decisions. Topics to be covered include risk and return, capital budgeting, capital structure, dividend policy and mergers and acquisitions. Cases will be used to illustrate the concepts taught."
BT4103,"Worked with Vantage Point for our Capstone Project where we built a UI to interface with LLMs to generate security reports based on a given CIS Benchmark pdf - parsed the CIS Benchmark pdf, and fed it to the LLM to generate the bash scripts required.",BT,Y3S2,Business Analytics Capstone Project,A-,BZA,8,"This project can be viewed as a large-scale practical course. Emphasis will be placed on understanding the objectives of the analytics exercise, applying appropriate analytic methods and techniques, evaluating database designs, modelling strategies and implementation, and monitoring analytics performances. Students will sharpen communication skills through close team interactions, consultations, and formal presentations. Students will also develop a comprehensive understanding of the issues of business analytics such as data privacy and security, legal issues and responsibilities, business/technical communication of the results of data analytics."
BT4016,"Was basically the basic math of the basic structured products in financial markets including bonds, options, futures. Not much computing nor math and was generally a module to cruise through if you already have heard about/learnt such stuff before.",BT,Y3S2,Risk Analytics for Financial Services,A,BZA,4,This course exposes students to the fundamentals of risk analytics in the financial services sector. Students will be taught on the fundamentals of financial services and financial risks. They will also learn about interest rate risk analytics and credit risk analytics.
BT3017,"Professor loved Audio transformations (and for good reason, I would agree FFT [Fast Fourier Transform] is a vastly interesting algorithm that I would still need even more time to fully internalise/understand). Other than that, taught about how PCA and convolution worked. Nice content and good pace - could have taught more but further content would probably be significantly more complex that not enough students would have been able to keep up.",BT,Y3S2,Feature Engineering for Machine Learning,A,BZA,4,"This course covers topics that are important for preparation of data and features for machine learning. Advances in Artificial Intelligence had enabled impactful applications built on multi-modality data. These data and features present problems to machine learning systems in various ways: the need for dimensionality reduction of feature vectors; data scaling; outliers; features from unstructured data such as audio, picture and video; text processing; and graph. This course teaches students how to handle such problems that occur in the real world."
BT4013,"Interesting module that taught ARCH/GARCH and AR/MA models and ARIMA and SARIMA models, mostly just the math behind them. Math behind them is somewhat complex but also simple - difficult to explain. I remember bits of how to derive certain things, but a refresher would be necessary every few months for this topic, though the refresher wouldn’t take more than maybe an hour.",BT,Y3S1,Analytics for Capital Market Trading and Investment,A+,BZA,4,"This course broadly covers quantitative trading, focusing on strategies built through time-series analysis. Techniques for identifying trading opportunities by sifting through historical data will be explored. The course also addresses the quantification of risk associated with potential trading decisions."
BT4012,"Rojak module that taught everything models related - CNN, RNN, NN, Gradient boosting, Random Forest, but all at a surface level without going in depth, resulting in the module feeling like an introductory module instead.",BT,Y3S1,Fraud Analytics,A,BZA,4,"The course comprehensively explores advanced analytical techniques for detecting and investigating financial crimes. Students will gain expertise in anomaly detection, data preparation, descriptive and predictive analytics, and cutting-edge deep learning applications. The syllabus covers essential topics such as data visualization, Benford's Law, clustering algorithms, linear modeling, neural networks, and Convolutional Neural Networks. Advanced concepts like explainable AI, adversarial attacks and defenses, and graph analysis are also addressed. This course emphasizes practical applications, continuous monitoring, and analytics reporting in business environments, preparing students to tackle a wide range of financial crimes including fraud, money laundering, terror financing, market manipulation, and cyber intrusions. By combining theoretical foundations with hands-on experience, students will develop the technological and managerial skills necessary to lead in financial security and risk management roles, while also gaining insight into the challenges of implementing machine learning projects in real-world business scenarios."
CP3880,See my review under journals for SAP ATAP!,ATAP,Y3S1,Advanced Technology Attachment Programme,CS,BZA,4,"This course enables students to apply the computing knowledge they have assimilated in class to industrial projects through six-month attachment to companies/organizations. Students under attachment will be jointly guided by supervisors from both the companies/organizations and the school. Their progress on projects will be monitored during attachment, and their performance will be assessed (on Satisfactory/Unsatisfactory (S/U) basis) at the end of the attachment, based on the interim and final project reports. During the attachment, students are not expected to take other courses offered by the university."
UTS2706,,UTS,Y2S2,A Social Critique of Markets in Singapore,S,Both,4,"This course is a social critique of markets and market behaviour in Singapore. Markets are often explained with methodological individualism as opposed to broader social systems that underscore behavioural and motivational determinants. This course presents an inter-disciplinary reading of selected economic concepts and critiques them from a social and holistic angle. It is principally a sociohistorical reading of how markets perform. In its application side, the course will reinterpret the success of Singapore using conceptual tools such as objective value theory, social productivity, the leisure class, and the historically determined social wage."
ST2334,"The only Statistics module I had to take that taught H2 Statistics + Poisson, Geometric Distributions, and Exponential Distribution. Not much additional content on top of H2 Mathematics so Bell Curve for Mid-terms was steep, but I think Finals Bell Curve should be fine since I ended up getting an A+.",ST,Y2S2,Probability and Statistics,A+,Both,4,"This course introduces students to basic probability theory and statistical inference. Topics include basic concepts of probability, conditional probability, independence, random variables, joint and marginal distributions, mean and variance, some common probability distributions, sampling distributions, estimation and hypothesis testing based on a normal population."
IS3103,"Communications and Leadership module that rewards students for speaking up and basically acting. At points, definitely felt like they were teaching students to be corporate muppets who felt nothing for employees and say what they needed to hear to calm down. “Yessss, don’t worry guys! AI isn’t going to take your jobs! You just have to upskill yourselves. I HEAR YOUR CONCERNS! But it’s all going to be okay!”.",IS,Y2S2,Information Systems Leadership and Communication,A-,BZA,4,"To drive innovation and transformation, technology leaders must identify key business drivers and align technologies with business objectives. This course provides foundational knowledge in information systems (IS) leadership and management essential for successful digital transformation. It aims to equip students with the skills to identify digital innovation opportunities, digitise business processes, and design effective human-AI solutions. Through experiential learning, students will develop the ability to manage digital disruptions and facilitate technology-enabled organisational change. Additionally, students will acquire change leadership communication skills to ensure effective collaboration between business and technology stakeholders."
FIN3702A,Frankly forgot what was taught here other than Discounted Cash Flow as with every other FIN module.,FIN,Y2S2,Investment Analysis and Portfolio Management,A+,BBA,4,"This is an introductory course in investments. It provides a comprehensive coverage of basic concepts, theories, applications and decision-making rules in financial investment. Topics to be covered include fundamental security analysis on stocks, bonds, options and futures as well as modern portfolio management. On completion, candidates should be conversant in investment management in preparation for careers in financial analysis and financial planning, investment banking, and corporate finance. Candidates should also be equipped to write the Chartered Financial Analysts (CFA) Level 1 examinations in quantitative analysis, equity securities analysis and portfolio management."
DAO2703,"Very dry module on calculating throughput and additional stuff. Feels like throwing a bunch of jargon at the wall and asking students to memorise. Probably is the case in the industry so can’t complain. Anyway, I got a B+ if you’re wondering. Ya, I’m glad I don’t plan to enter this industry.",DAO,Y2S2,Operations and Technology Management,S,BBA,4,"Operations and Technology Management (OTM) is a classic functional area of management that deals with the problems of production in all kinds of enterprises. It focuses on the productive system of the enterprise, which we define as the means by which resource inputs are transformed into useful outputs of goods and services. While Operations and Technology Management is a traditional functional field, and while this course will follow an outline built around the traditional foundational topics of OTM, we will nevertheless attempt to highlight some of the more current issues that are relevant within these topics. In view of this, the course will consider issues pertaining to both manufacturing and services-oriented systems, highlight the strategic aspects of operations, evaluate the significance and implications of advanced process technologies like robotics, AI and flexible manufacturing systems. The course will also explore the strategic significance of practices such as Lean Operations, Total Quality Management, and Sustainable Operations. The primary objectives of the course are to provide students with an introduction to, and an understanding of, the substantive knowledge which has developed over the years in the field of Operations and Technology Management, and to highlight the current relevance and strategic significance of the operations function in any given enterprise."
BT3103,"Infuriating module with Youtube-esque Professor who doesn’t outline clear requirements. Professor touted SCRUM and asked us to live and breather SCRUM and submit the results at the end, saying that is the most important thing. Well, nobody actually knows what goes through that black box of a head because my juniors who I have great faith in showed me their report and I would have given an A+, and they also got a B+. Anyway, most students don’t learn anything here because they already did Orbital during their summers in Year 1 - whereby you learn frontend, backend, maybe a little about your rear end if you did “Artemis” level, and everything this module even remotely touches, so this module really is just an obstacle to be cleared.",BT,Y2S2,Application Systems Development for Business Analytics,B+,BZA,4,"The course covers the concepts of software development life cycle and project management. It will also include hands-on learning sessions that cover the fundamentals of web development. The module focuses heavily on the development and deployment of web applications. It will be a project-based learning, and the course will cover the following topics: Stages of Software development life cycle Front-end development with HTML+CSS+Javascript Introduction to javascript frameworks like Vue js. Firebase Firestore and deployment with Firebase Version control Project Management methodologies, including SCRUM Introduction to DevOps"
BT3102,"During our iteration, Professor focused heavily on Bayesian Networks and how they worked - conditional probabilities and backward deduction?, and additional things like Hidden Markov Models, their assumptions, Viterbi Algorithm, MLE, and finally sampling methods. Honestly, quite an interesting module on HMMs and conditional probability!",BT,Y2S2,Computational Methods for Business Analytics,A,BZA,4,"Computers are becoming readily accessible, and its use in business analytics is growing more prevalent. This course will introduce students to computational methods, algorithms and techniques used in business fields such as finance, marketing and economics to address complex analytics problems. The course will cover topics and algorithms in areas such as optimization methods, numerical analysis, simulations, monte-carlo methods, graph and flow methods, and computational complexity issues to address business analytics related problems. Students will get the opportunity to learn about these computational methods and issues through hands-on practice assignments, case analysis discussions, and/or course projects."
Personal Website v1,,,Y2S1,,,,,
RC4 FA,,,Y2S1,,,,0,
UTC2729,"Took this module with BT2101 which also taught econometrics, be it through a more quantitative lens. This module provided greater insight and depth into the subject matter at hand in terms of why and how certain models in econometrics are derived and how they should be treated.",UTC,Y2S1,Causality and Natural Experiments,S,Both,4,Introduction to the fundamentals of econometrics and establishing causality
IS2218,"Taking this module in Year 2 with the knowledge of accounting already at the back of my mind, I was able to breeze through this module for the most part, learning extra details about business platforms on the way.",IS,Y2S1,Digital Platforms for Business,A,BZA,4,"A module taken to fulfil the requirement of an interdisciplinary module. This module overlaps significantly with my modules from my Business degree, teaching broadly the concepts across the spectrum of Business."
BSP2701,An introduction to macroeconomics with a little extra content added on top of what we already knew at the H2 Economics level taught in JC.,BSP,Y2S1,Global Economy,A,BBA,2,"An introduction to macroeconomics and international economics, with a simple dive into analytical frameworks for real-world events."
FIN2704,An introduction to time value of money and its variety of applications in a plethora of subjects to determine the worthiness of taking up a project.,FIN,Y2S1,Finance,A+,BBA,4,"A broad overview of the financial environment under which a firm operates (Topics covered: introduction to finance, financial statement analysis, long-term financial planning, time value of money, risk and return analysis, capital budgeting methods and applications, common stock valuation, bond valuation, short term management and financing)"
BT2102,"First module I got a B+ because I read the deadline of a 25% assignment wrong and missed it by about 4 weeks. Sorry Professor! Also, this is an anomaly, this doesn’t really happen in my life.",BT,Y2S1,Data Management and Visualisation,B+,BZA,4,"Provides practical knowledge and understanding of basic issues and techniques in data management and warehousing with relational database management systems, as well as data visualisation principles, techniques and tools"
BT2101,"Econometrics including causal inference, linear regression, fixed effects, instrument variables. Changed my perspectives on experiments (probably in a way that HSI1000 wanted to but couldn’t) since it really makes you question the design of many papers published from day-to-day and how much scrutiny is required other than a peer review which most times, ignores and skips the key issues in many scientific studies the more I read.",BT,Y2S1,Econometrics Modelling for Business Analytics,A+,BZA,4,"Provides foundations to econometrics and the use of software tools to perform econometrics data analysis (analysis models, including regression, time series regression, dynamic causal effects among others)"
CS2040,"Interesting module on Data Structures and Algorithms - what more can I say? Stacks and Queues first, then Linked List, Min and Max Heaps (for Priority Queues), Binary Tree, DFS, BFS, Djikstra’s, Kosaraju, Prim’s. Week long assignments were interesting enough to test you to think about interesting variants of data structures that could be imagined to perform certain operations more efficiently.",CS,Y2S1,Data Structures and Algorithms,A+,BZA,4,"Introduction to design and implementation of fundamental data structures and algorithms [basic data structures (linked lists, stacks, queues, hash tables, binary heaps, trees, and graphs), searching and sorting algorithms, and basic analysis of algorithms]"
CP2106 (Orbital),Look at my review at Orbital.md under journals.,CP,Y1S2,Independent Software Development Project (Orbital),CS,BZA,4,Provides a platform for students to gain hands-on industrial experience for computing technologies related to students’ own interests
Code Signal,,,Y1S2,,,,,
AutoTrader,,,Y1S2,,,,,
UTC1702G,,UTC,Y1S2,Thinking in systems: Markets and Inequality,CS,Both,4,Introduction to Systems Thinking and provides an analytical framework to analyse real world events in markets through the use of software such as Vensim
MKT1705B,,MKT,Y1S2,Principles of Marketing,S,BBA,4,"Provides a conceptual framework to analyse and interpret marketing phenomena and to suggest courses of action in response to marketing problems (Topics: the marketing concept, the marketing environment and the marketing mix which includes product, pricing, distribution and promotion)"
HSI1000,"“Yes, this ball floats on water because the water it displaces seems to exert an upward force on it, in other words upthrust”. Thanks, I learnt the scientific method in primary school and didn’t need a refresher.",HSI,Y1S2,"How Science Works, Why Science Works",A,BZA,4,"A module taken to fulfil the requirement of an interdisciplinary module. Hones the skills needed to negotiate a world in the post-truth era, derived from the scientific method"
BSP1702,"Interesting module to introduce students to how the Law generally works (at least Business Law), including vicarious liability, personal injury liability, and how these cases are argued. Honestly, pretty interesting and useful in daily life as it provides you the perspective of the law in general - i.e. how they typically benchmark against what a reasonable person would do in the same situation.",BSP,Y1S2,Legal Environment of Business,A,BBA,4,"Equips us with basic legal knowledge relating to commercial transactions so that we will be more aware of potential legal problems which may arise in the course of business and having become aware, to have recourse to such professional legal advice as is necessary in the circumstances (Topics: Singapore Legal System, mediation and arbitration to resolve disputes, the types of various business organisations for businesses to conduct effectively within the law, directors' duties & liabilities, the making of valid business contracts and the rights & obligations of traders in the market place and negligence in the business environment through misstatements)"
NTU Asset Management,,CC,Y1S2,,,NA,0,
MA1521,"Calculus. Multivariate Calculus. Partial differentiation and integration. Not much else to say, was pretty small extension of H2 Maths.",MA,Y1S2,Calculus for Computing,A,BZA,4,"Basic foundation for calculus and its related subjects required by computing students, also covering simple mathematical modeling techniques and numerical methods in connection with ordinary differential equations (Topics: Preliminaries on sets and number systems, Calculus of functions of one variable and applications, Sequences, series and power series, Functions of several variables, Extrema, First and second order differential equations, Basic numerical methods for ordinary differential equations)"
ES2002,,ES,Y1S2,Business Communication for Leaders,A,BBA,4,"Equips us with the business communication skills needed to be recognized as leaders among stakeholders – colleagues, superiors, and customers/clients (Core principles emphasised: audience-centred, objective-driven, and context-sensitive communication; intentional, reflective and mindful communication; oral communication fundamentals of verbal, vocal, visual and aural skills; and the 7 C’s of effective business communication)"
MNO1706A,,MNO,Y1S2,Organisational Behaviour,S,BBA,4,"Introduce students to human behaviour in organisational contexts. (Topics: Examining processes at the individual, group and organisational levels)"
Future Economy Forum,,CC,Y1S2,,,NA,0,
ACC1701,"Introduction module to Accounting, which is just details galore. Prepare to push you head into the numbers and just keep punching those keys in the calculator. Plus, Minus, Plus, Minus until the numbers balance; or the gods smite you.",ACC,Y1S2,Accounting for Decision Makers,A+,Both,4,Introduction to accounting from a user perspective. Financial reporting is covered from the viewpoint of an external investor. Book-keeping and preparation of financial statements are also covered at an introductory level.
UTW1001M,,UTW,Y1S1,Sport and Competition,S,Both,4,"A module taken in RC4 (Residential College 4) that introduced thesis research and writing as well as covered the various arguments and theological perspectives on sport and competition in today’s world - including functionalist theory, conflict theory, interactionist theory, critical theory and feminist theory"
IS1108,,IS,Y1S1,Digital Ethics and Data Privacy,S,BZA,4,"Introduces students to the issues of digital ethics and data privacy faced by individuals and organisations. Addresses challenges in balancing technological desirability with social desirability while developing digital products and services, including Professional Ethics, Computing for Social Good, Digital Ethics by Design, Digital Intellectual Property Rights, Automation and Autonomous Systems, and Artificial Intelligence Ethics and Governance"
BSP1703,"Basic Economics not even beyond the scope of H2 Economics, with in fact, worse Professors teaching the course than my JC teachers - provided clearly wrong answer for one of the quizzes and Professors had huge egos to swing and could never admit their mistakes. Is basically a primary school Mathematics course.",BSP,Y1S1,Managerial Economics,A+,BBA,4,"Provides basic working knowledge of contemporary economic thinking (Topics: market equilibrium, competition, monopoly, price and non-price business strategies)"
MA2001,"Very interesting module on Linear Algebra, teaching the fundamentals, including determinant of a matrix, Gram-Schmidt algorithm, and basically the full set of videos by 3Blue1Brown. Visualisation of Linear Algebra with that channel turns this subject into a godly interesting subject I couldn’t stop thinking about for months.",MA,Y1S1,Linear Algebra I,A,BZA,4,"Introduction to fundamental concepts of linear algebra and investigated in the context of the Euclidean spaces R^n. Proofs of results presented in the concrete setting (Topics: Systems of linear equations, matrices, determinants, Euclidean spaces, linear combinations and linear span, subspaces, linear independence, bases and dimension, rank of a matrix, inner products, eigenvalues and eigenvectors, diagonalisation, linear transformations between Euclidean spaces, applications)"
BT1101,"Basic Introduction to Analytics including linear regression, linear optimisation and visualisation using R.",BT,Y1S1,Introduction to Business Analytics,A,BZA,4,"Provides us with an introduction to the fundamental concepts and tools needed to understand the emerging role of business analytics and data science applications in business and non-profit organisations. Students will learn how to apply basic business analytics and data science/analytics tools (such as R) to large real-life datasets in different contexts, and how to effectively use and interpret analytic models and results for making better and more well-informed business decisions."
Canvas,,,,,,,,
CS2030,"Interesting module on Object-Oriented Programming that was my first introduction to Vim. Have been a Neovim user ever since. Course teaches about monads and abstractions, optionals and curries. Talk about somewhat simple and fun programming just thinking about design!",CS,Y1S1,Programming Methodology II,A,BZA,4,"Explores two modern programming paradigms, object-oriented programming and functional programming. We learnt to develop medium-scale software programs using object oriented design principles and advanced programming constructs available in the two paradigms (Topics: objects and classes, composition, association, inheritance, interface, polymorphism, abstract classes, dynamic binding, lambda expression, effect-free programming, first class functions, closures, continuations, monad)"
STR1000,,STR,Y1S1,Career Creation Starter Workshops,CS,BBA,0,The Starter Workshops are part of the Career Creation suite of training programmes designed to impart year 1 undergraduates with the core skills needed to prepare for their careers. The workshops take students through early and in-depth career planning and train them in the concrete skills necessary for their eventual internship and job search. The Starter Workshops comprise of the following: 1. Career Planning – How to Create Your Future 2. Personal Branding – How the World Knows You 3. Networking – How to Build Your Tribe 4. Resume Crafting – How to Impress on Paper 5. Interviewing – How to Showcase Yourself
BPM1705,,BPM,Y1S1,Understanding How Business Works,CS,BBA,0,"This module introduces new students to the nuts and bolts of the business functions of finance, human resource management, marketing and operations management. It allows students to have insights into how these functional areas work together for a business to function and grow. This module will take students through the journey of a new business from business idea conception to funding and commercialisation."
CS1010,Exempted because I passed the Advanced Placement Credit Test.,CS,Y1S1,Programming Methodology,Exempted,BZA,4,"Introduces the fundamental concepts of problem solving by computing and programming using an imperative programming language (Topics: computational thinking and computational problem solving, designing and specifying an algorithm, basic problem formulation and problem solving approaches, program development, coding, testing and debugging, fundamental programming constructs (variables, types, expressions, assignments, functions, control structures, etc.), fundamental data structures (arrays, strings, composite data types), basic sorting, and recursion)"